"date","location","count of orders","average click to ship","average ship to porch"
"2022-01-01 00:00:00","HQ DC : HQ DC - goodr.com",11,4.7120,5.7499
"2022-01-02 00:00:00","HQ DC : HQ DC - goodr.com",10,4.4333,3.4333
"2022-01-03 00:00:00","HQ DC : HQ DC - goodr.com",11,4.7764,4.6514
"2022-01-04 00:00:00","HQ DC : HQ DC - goodr.com",10,5.3707,3.3499
"2022-01-05 00:00:00","HQ DC : HQ DC - goodr.com",8,5.2708,5.2968
"2022-01-06 00:00:00","HQ DC : HQ DC - goodr.com",9,5.3518,3.8749
"2022-01-07 00:00:00","HQ DC : HQ DC - goodr.com",8,3.4062,4.2760
"2022-01-08 00:00:00","HQ DC : HQ DC - goodr.com",16,3.2109,4.8332
"2022-01-09 00:00:00","HQ DC : HQ DC - goodr.com",14,2.2737,4.7410
"2022-01-10 00:00:00","HQ DC : HQ DC - goodr.com",22,1.9374,5.1666
"2022-01-11 00:00:00","HQ DC : HQ DC - goodr.com",10,1.3332,4.1333
"2022-01-12 00:00:00","HQ DC : HQ DC - goodr.com",7,2.1666,5.4702
"2022-01-13 00:00:00","HQ DC : HQ DC - goodr.com",7,1.6666,7.0952
"2022-01-14 00:00:00","HQ DC : HQ DC - goodr.com",38,3.9265,5.0854
"2022-01-15 00:00:00","HQ DC : HQ DC - goodr.com",23,4.0090,5.1883
"2022-01-16 00:00:00","HQ DC : HQ DC - goodr.com",10,3.2499,4.7041
"2022-01-17 00:00:00","HQ DC : HQ DC - goodr.com",45,3.6064,6.2675
"2022-01-18 00:00:00","HQ DC : HQ DC - goodr.com",12,3.9409,5.3576
"2022-01-19 00:00:00","HQ DC : HQ DC - goodr.com",8,3.2135,5.1562
"2022-01-20 00:00:00","HQ DC : HQ DC - goodr.com",6,3.8680,4.7638
"2022-01-21 00:00:00","HQ DC : HQ DC - goodr.com",11,3.5189,3.7461
"2022-01-22 00:00:00","HQ DC : HQ DC - goodr.com",11,3.4962,4.4317
"2022-01-23 00:00:00","HQ DC : HQ DC - goodr.com",15,2.9416,3.9944
"2022-01-24 00:00:00","HQ DC : HQ DC - goodr.com",12,3.2985,4.0798
"2022-01-25 00:00:00","HQ DC : HQ DC - goodr.com",15,3.0582,5.0249
"2022-01-26 00:00:00","HQ DC : HQ DC - goodr.com",13,4.3493,4.7339
"2022-01-27 00:00:00","HQ DC : HQ DC - goodr.com",9,3.9212,4.9629
"2022-01-28 00:00:00","HQ DC : HQ DC - goodr.com",8,4.0832,4.9166
"2022-01-29 00:00:00","HQ DC : HQ DC - goodr.com",8,3.3072,4.7656
"2022-01-30 00:00:00","HQ DC : HQ DC - goodr.com",18,2.3032,5.2569
"2022-01-31 00:00:00","HQ DC : HQ DC - goodr.com",10,1.1499,4.5249
"2022-02-01 00:00:00","HQ DC : HQ DC - goodr.com",57,1.7258,4.7353
"2022-02-02 00:00:00","HQ DC : HQ DC - goodr.com",12,1.6214,4.8853
"2022-02-03 00:00:00","HQ DC : HQ DC - goodr.com",9,2.4258,4.5971
"2022-02-04 00:00:00","HQ DC : HQ DC - goodr.com",11,2.1211,4.5795
"2022-02-05 00:00:00","HQ DC : HQ DC - goodr.com",17,2.8921,4.1347
"2022-02-06 00:00:00","HQ DC : HQ DC - goodr.com",21,2.7122,4.2836
"2022-02-07 00:00:00","HQ DC : HQ DC - goodr.com",15,2.1471,5.2277
"2022-02-08 00:00:00","HQ DC : HQ DC - goodr.com",15,1.5083,6.0444
"2022-02-09 00:00:00","HQ DC : HQ DC - goodr.com",15,1.4055,5.3138
"2022-02-09 00:00:00","HQ DC : HQ DC - sellgoodr",1,1.5833,6.2083
"2022-02-10 00:00:00","HQ DC : HQ DC - sellgoodr",1,3.5833,3.2500
"2022-02-10 00:00:00","HQ DC : HQ DC - goodr.com",18,1.1342,5.0208
"2022-02-11 00:00:00","HQ DC : HQ DC - goodr.com",14,2.6190,5.0594
"2022-02-12 00:00:00","HQ DC : HQ DC - goodr.com",21,2.5793,3.7102
"2022-02-13 00:00:00","HQ DC : HQ DC - goodr.com",12,2.6388,4.1076
"2022-02-14 00:00:00","HQ DC : HQ DC - goodr.com",18,1.9745,4.0948
"2022-02-14 00:00:00","HQ DC : HQ DC - sellgoodr",1,1.4583,5.2500
"2022-02-15 00:00:00","HQ DC : HQ DC - goodr.com",18,1.5833,4.5462
"2022-02-16 00:00:00","HQ DC : HQ DC - goodr.com",21,1.3571,4.1388
"2022-02-17 00:00:00","HQ DC : HQ DC - goodr.com",14,1.8838,4.1160
"2022-02-18 00:00:00","HQ DC : HQ DC - goodr.com",10,4.2958,3.4832
"2022-02-19 00:00:00","HQ DC : HQ DC - goodr.com",39,4.1367,4.1142
"2022-02-20 00:00:00","HQ DC : HQ DC - goodr.com",26,4.9919,4.0560
"2022-02-21 00:00:00","HQ DC : HQ DC - goodr.com",39,5.0576,3.5961
"2022-02-22 00:00:00","HQ DC : HQ DC - goodr.com",31,6.3212,3.5631
"2022-02-23 00:00:00","HQ DC : HQ DC - goodr.com",21,5.4741,3.4404
"2022-02-24 00:00:00","HQ DC : HQ DC - goodr.com",8,5.1353,3.6249
"2022-02-25 00:00:00","HQ DC : HQ DC - goodr.com",148,4.0278,3.2429
"2022-02-26 00:00:00","HQ DC : HQ DC - goodr.com",1075,4.0230,3.7614
"2022-02-27 00:00:00","HQ DC : HQ DC - goodr.com",1344,3.8017,4.6459
"2022-02-28 00:00:00","HQ DC : HQ DC - goodr.com",1130,3.6710,5.3189
"2022-02-28 00:00:00","HQ DC : HQ DC - sellgoodr",1,1.5833,7.9583
"2022-03-01 00:00:00","HQ DC : HQ DC - goodr.com",1494,3.5411,5.8285
"2022-03-02 00:00:00","HQ DC : HQ DC - goodr.com",1208,5.4810,4.8379
"2022-03-02 00:00:00","HQ DC : HQ DC - sellgoodr",1,4.5000,10.0000
"2022-03-03 00:00:00","HQ DC : HQ DC - goodr.com",1066,5.8191,4.2782
"2022-03-04 00:00:00","HQ DC : HQ DC - goodr.com",1502,5.5135,4.6077
"2022-03-05 00:00:00","HQ DC : HQ DC - goodr.com",1481,6.1995,5.9391
"2022-03-06 00:00:00","HQ DC : HQ DC - goodr.com",1384,7.3327,4.8131
"2022-03-07 00:00:00","HQ DC : HQ DC - goodr.com",1122,6.6497,4.6148
"2022-03-08 00:00:00","HQ DC : HQ DC - goodr.com",1045,6.1718,4.3730
"2022-03-09 00:00:00","HQ DC : HQ DC - goodr.com",1394,5.6768,4.0800
"2022-03-10 00:00:00","HQ DC : HQ DC - goodr.com",1045,4.9264,4.1256
"2022-03-11 00:00:00","HQ DC : HQ DC - goodr.com",1208,4.2078,4.3478
"2022-03-12 00:00:00","HQ DC : HQ DC - goodr.com",1280,3.6107,4.4049
"2022-03-13 00:00:00","HQ DC : HQ DC - goodr.com",1355,3.1716,4.5817
"2022-03-14 00:00:00","HQ DC : HQ DC - goodr.com",1444,3.9366,5.0433
"2022-03-15 00:00:00","HQ DC : HQ DC - goodr.com",1134,4.0420,5.0354
"2022-03-16 00:00:00","HQ DC : HQ DC - goodr.com",966,4.7507,4.4702
"2022-03-17 00:00:00","HQ DC : HQ DC - goodr.com",1011,4.1342,4.3137
"2022-03-18 00:00:00","HQ DC : HQ DC - goodr.com",1662,3.9486,4.1492
"2022-03-19 00:00:00","HQ DC : HQ DC - goodr.com",1522,3.5123,4.3280
"2022-03-20 00:00:00","HQ DC : HQ DC - goodr.com",1798,3.9966,3.9699
"2022-03-21 00:00:00","HQ DC : HQ DC - goodr.com",1428,6.4657,3.8054
"2022-03-22 00:00:00","HQ DC : HQ DC - goodr.com",1173,5.9443,3.8418
"2022-03-23 00:00:00","HQ DC : HQ DC - sellgoodr",2,10.2708,6.1874
"2022-03-23 00:00:00","HQ DC : HQ DC - goodr.com",1225,5.1848,3.7879
"2022-03-24 00:00:00","HQ DC : HQ DC - goodr.com",1161,4.4511,3.8228
"2022-03-25 00:00:00","HQ DC : HQ DC - goodr.com",1869,4.5587,3.6388
"2022-03-26 00:00:00","HQ DC : HQ DC - goodr.com",1692,4.0061,3.7070
"2022-03-27 00:00:00","HQ DC : HQ DC - goodr.com",1883,3.8094,4.0834
"2022-03-28 00:00:00","HQ DC : HQ DC - goodr.com",1680,4.1398,5.2190
"2022-03-29 00:00:00","HQ DC : HQ DC - goodr.com",1274,4.6175,4.6960
"2022-03-30 00:00:00","HQ DC : HQ DC - goodr.com",2945,4.6933,3.7132
"2022-03-31 00:00:00","HQ DC : HQ DC - goodr.com",1129,4.1767,3.6076
"2022-04-01 00:00:00","HQ DC : HQ DC - goodr.com",1247,3.9876,3.2731
"2022-04-02 00:00:00","HQ DC : HQ DC - sellgoodr",1,6.3750,6.1250
"2022-04-02 00:00:00","HQ DC : HQ DC - goodr.com",1444,3.8906,4.1742
"2022-04-03 00:00:00","HQ DC : HQ DC - goodr.com",1645,3.5696,4.0416
"2022-04-04 00:00:00","HQ DC : HQ DC - goodr.com",1386,2.9266,4.1425
"2022-04-05 00:00:00","HQ DC : HQ DC - goodr.com",1961,3.7948,4.4842
"2022-04-06 00:00:00","HQ DC : HQ DC - goodr.com",1520,4.6831,3.8433
"2022-04-07 00:00:00","HQ DC : HQ DC - sellgoodr",1,6.9583,5.9583
"2022-04-07 00:00:00","HQ DC : HQ DC - goodr.com",1297,4.0976,3.6887
"2022-04-08 00:00:00","HQ DC : HQ DC - goodr.com",1479,3.6683,3.7847
"2022-04-09 00:00:00","HQ DC : HQ DC - goodr.com",1672,3.0987,3.6305
"2022-04-10 00:00:00","HQ DC : HQ DC - goodr.com",1798,2.4724,3.7215
"2022-04-11 00:00:00","HQ DC : HQ DC - sellgoodr",1,6.7500,4.0000
"2022-04-11 00:00:00","HQ DC : HQ DC - goodr.com",1479,2.5825,4.4939
"2022-04-12 00:00:00","HQ DC : HQ DC - goodr.com",2087,3.2242,4.8964
"2022-04-12 00:00:00","HQ DC : HQ DC - sellgoodr",1,6.5000,4.0416
"2022-04-13 00:00:00","HQ DC : HQ DC - sellgoodr",1,5.6666,6.1250
"2022-04-13 00:00:00","HQ DC : HQ DC - goodr.com",1519,3.4135,4.4319
"2022-04-14 00:00:00","HQ DC : HQ DC - goodr.com",1389,4.1407,4.0283
"2022-04-15 00:00:00","HQ DC : HQ DC - goodr.com",1601,3.9268,3.7726
"2022-04-15 00:00:00","HQ DC : HQ DC - sellgoodr",1,3.5833,1.8333
"2022-04-16 00:00:00","HQ DC : HQ DC - goodr.com",1661,3.7608,3.7886
"2022-04-17 00:00:00","HQ DC : HQ DC - goodr.com",1605,3.4051,3.9088
"2022-04-18 00:00:00","HQ DC : HQ DC - goodr.com",1512,3.2750,4.2642
"2022-04-19 00:00:00","HQ DC : HQ DC - goodr.com",1406,3.7881,3.9797
"2022-04-19 00:00:00","HQ DC : HQ DC - sellgoodr",1,0.4166,2.2916
"2022-04-20 00:00:00","HQ DC : HQ DC - goodr.com",4136,3.1021,4.1669
"2022-04-21 00:00:00","HQ DC : HQ DC - goodr.com",1412,4.1940,4.0361
"2022-04-22 00:00:00","HQ DC : HQ DC - goodr.com",2144,3.4989,3.9884
"2022-04-23 00:00:00","HQ DC : HQ DC - goodr.com",2171,3.1052,3.9683
"2022-04-24 00:00:00","HQ DC : HQ DC - goodr.com",2443,2.7700,4.1893
"2022-04-25 00:00:00","HQ DC : HQ DC - goodr.com",1905,2.1605,4.0918
"2022-04-26 00:00:00","HQ DC : HQ DC - goodr.com",1775,1.5139,4.6394
"2022-04-26 00:00:00","HQ DC : HQ DC - sellgoodr",1,1.7916,5.9166
"2022-04-27 00:00:00","HQ DC : HQ DC - goodr.com",1775,1.5187,4.5660
"2022-04-27 00:00:00","HQ DC : HQ DC - sellgoodr",1,7.0416,4.7500
"2022-04-28 00:00:00","HQ DC : HQ DC - goodr.com",1586,1.8400,4.8806
"2022-04-29 00:00:00","HQ DC : HQ DC - goodr.com",1739,2.3550,4.4384
"2022-04-30 00:00:00","HQ DC : HQ DC - goodr.com",2114,2.4854,3.7154
"2022-05-01 00:00:00","HQ DC : HQ DC - goodr.com",2343,1.7224,3.7134
"2022-05-02 00:00:00","HQ DC : HQ DC - goodr.com",1881,1.3785,4.0517
"2022-05-03 00:00:00","HQ DC : HQ DC - goodr.com",1950,1.1062,4.2216
"2022-05-04 00:00:00","HQ DC : HQ DC - goodr.com",1622,0.8342,4.2014
"2022-05-05 00:00:00","HQ DC : HQ DC - goodr.com",1517,2.3456,4.9370
"2022-05-06 00:00:00","HQ DC : HQ DC - goodr.com",3221,3.5820,4.3561
"2022-05-07 00:00:00","HQ DC : HQ DC - sellgoodr",1,2.5416,7.2500
"2022-05-07 00:00:00","HQ DC : HQ DC - goodr.com",2315,2.8236,4.4776
"2022-05-08 00:00:00","HQ DC : HQ DC - goodr.com",2279,2.6208,4.7396
"2022-05-09 00:00:00","HQ DC : HQ DC - sellgoodr",3,4.1805,6.7499
"2022-05-09 00:00:00","HQ DC : HQ DC - goodr.com",2288,2.0880,4.8418
"2022-05-10 00:00:00","HQ DC : HQ DC - goodr.com",2069,2.0590,5.1113
"2022-05-10 00:00:00","HQ DC : HQ DC - sellgoodr",1,2.8750,6.0833
"2022-05-11 00:00:00","HQ DC : HQ DC - goodr.com",1932,1.8562,5.2442
"2022-05-12 00:00:00","HQ DC : HQ DC - goodr.com",1882,1.8014,5.0726
"2022-05-13 00:00:00","HQ DC : HQ DC - goodr.com",2253,2.8789,4.4781
"2022-05-14 00:00:00","HQ DC : HQ DC - goodr.com",2493,3.0325,3.9549
"2022-05-15 00:00:00","HQ DC : HQ DC - goodr.com",2729,2.8858,4.0566
"2022-05-16 00:00:00","HQ DC : HQ DC - goodr.com",2902,3.3357,3.9861
"2022-05-16 00:00:00","HQ DC : HQ DC - sellgoodr",2,2.4791,6.1874
"2022-05-17 00:00:00","HQ DC : HQ DC - sellgoodr",1,6.7916,3.7500
"2022-05-17 00:00:00","HQ DC : HQ DC - goodr.com",2328,4.7152,3.9284
"2022-05-18 00:00:00","HQ DC : HQ DC - goodr.com",2047,4.7111,4.0712
"2022-05-19 00:00:00","HQ DC : HQ DC - goodr.com",1863,4.5726,4.3048
"2022-05-20 00:00:00","HQ DC : HQ DC - goodr.com",2569,4.0362,4.0900
"2022-05-21 00:00:00","HQ DC : HQ DC - goodr.com",2678,3.5643,4.0056
"2022-05-22 00:00:00","HQ DC : HQ DC - goodr.com",2871,3.6691,4.6028
"2022-05-23 00:00:00","HQ DC : HQ DC - goodr.com",2316,3.5615,5.3629
"2022-05-23 00:00:00","HQ DC : HQ DC - sellgoodr",1,7.3750,6.2500
"2022-05-24 00:00:00","HQ DC : HQ DC - goodr.com",2076,3.3274,5.8219
"2022-05-25 00:00:00","HQ DC : HQ DC - goodr.com",1627,2.5590,6.0748
"2022-05-26 00:00:00","HQ DC : HQ DC - goodr.com",1690,2.5392,5.7593
"2022-05-27 00:00:00","HQ DC : HQ DC - goodr.com",2054,4.2113,4.3991
"2022-05-27 00:00:00","HQ DC : HQ DC - sellgoodr",2,3.7708,6.3333
"2022-05-28 00:00:00","HQ DC : HQ DC - goodr.com",2780,4.5138,4.0786
"2022-05-29 00:00:00","HQ DC : HQ DC - goodr.com",4635,4.6048,5.0090
"2022-05-29 00:00:00","HQ DC : HQ DC - sellgoodr",1,4.2500,5.2083
"2022-05-30 00:00:00","HQ DC : HQ DC - goodr.com",6241,4.0477,5.5969
"2022-05-30 00:00:00","HQ DC : HQ DC - sellgoodr",2,3.3749,4.6666
"2022-05-31 00:00:00","HQ DC : HQ DC - goodr.com",2788,3.4390,5.6657
"2022-06-01 00:00:00","HQ DC : HQ DC - goodr.com",2547,3.7429,4.8713
"2022-06-02 00:00:00","HQ DC : HQ DC - goodr.com",2004,3.0581,4.7533
"2022-06-03 00:00:00","HQ DC : HQ DC - goodr.com",2590,3.3656,4.3431
"2022-06-03 00:00:00","HQ DC : HQ DC - sellgoodr",1,4.9166,6.0000
"2022-06-04 00:00:00","HQ DC : HQ DC - goodr.com",2637,3.9518,3.9195
"2022-06-05 00:00:00","HQ DC : HQ DC - goodr.com",3050,3.4741,4.0700
"2022-06-05 00:00:00","HQ DC : HQ DC - sellgoodr",1,1.7500,3.1666
"2022-06-06 00:00:00","HQ DC : HQ DC - goodr.com",2560,3.2166,4.3887
"2022-06-06 00:00:00","HQ DC : HQ DC - sellgoodr",2,3.1250,5.1041
"2022-06-07 00:00:00","HQ DC : HQ DC - goodr.com",2139,3.0482,5.6816
"2022-06-08 00:00:00","HQ DC : HQ DC - goodr.com",2587,3.0800,5.1170
"2022-06-09 00:00:00","HQ DC : HQ DC - goodr.com",2331,4.0101,3.7023
"2022-06-10 00:00:00","HQ DC : HQ DC - sellgoodr",1,2.7083,4.8333
"2022-06-10 00:00:00","HQ DC : HQ DC - goodr.com",2522,3.7901,4.8590
"2022-06-11 00:00:00","HQ DC : HQ DC - goodr.com",2811,3.3595,4.5977
"2022-06-11 00:00:00","HQ DC : HQ DC - sellgoodr",1,2.7083,3.2500
"2022-06-12 00:00:00","HQ DC : HQ DC - goodr.com",3107,2.9016,4.5720
"2022-06-13 00:00:00","HQ DC : HQ DC - goodr.com",2662,2.4307,4.5253
"2022-06-14 00:00:00","HQ DC : HQ DC - goodr.com",3185,2.8091,5.1607
"2022-06-15 00:00:00","HQ DC : HQ DC - sellgoodr",2,6.0624,9.8749
"2022-06-15 00:00:00","HQ DC : HQ DC - goodr.com",2879,2.8848,5.0086
"2022-06-16 00:00:00","HQ DC : HQ DC - sellgoodr",2,3.5208,5.5833
"2022-06-16 00:00:00","HQ DC : HQ DC - goodr.com",2193,2.5653,4.8547
"2022-06-17 00:00:00","HQ DC : HQ DC - goodr.com",2564,3.0942,4.6813
"2022-06-18 00:00:00","HQ DC : HQ DC - goodr.com",2577,3.2951,4.7279
"2022-06-19 00:00:00","HQ DC : HQ DC - sellgoodr",12,3.8853,6.1874
"2022-06-19 00:00:00","HQ DC : HQ DC - goodr.com",3271,3.4711,4.8429
"2022-06-20 00:00:00","HQ DC : HQ DC - sellgoodr",95,4.0951,5.9767
"2022-06-20 00:00:00","HQ DC : HQ DC - goodr.com",2994,2.8845,4.9559
"2022-06-21 00:00:00","HQ DC : HQ DC - goodr.com",4490,2.8497,6.1250
"2022-06-21 00:00:00","HQ DC : HQ DC - sellgoodr",88,5.4246,5.7371
"2022-06-22 00:00:00","HQ DC : HQ DC - goodr.com",3113,4.3571,4.9323
"2022-06-22 00:00:00","HQ DC : HQ DC - sellgoodr",86,5.2451,5.8420
"2022-06-23 00:00:00","HQ DC : HQ DC - sellgoodr",177,4.6581,5.8085
"2022-06-23 00:00:00","HQ DC : HQ DC - goodr.com",2197,3.8706,4.8177
"2022-06-24 00:00:00","HQ DC : HQ DC - goodr.com",2248,4.2918,5.2358
"2022-06-24 00:00:00","HQ DC : HQ DC - sellgoodr",99,4.3429,6.1241
"2022-06-25 00:00:00","HQ DC : HQ DC - sellgoodr",56,3.3042,6.8630
"2022-06-25 00:00:00","HQ DC : HQ DC - goodr.com",2680,3.7728,5.2627
"2022-06-26 00:00:00","HQ DC : HQ DC - goodr.com",3980,3.7198,6.1431
"2022-06-26 00:00:00","HQ DC : HQ DC - sellgoodr",39,3.6132,6.6516
"2022-06-27 00:00:00","HQ DC : HQ DC - goodr.com",2986,5.5217,5.9206
"2022-06-27 00:00:00","HQ DC : HQ DC - sellgoodr",130,4.3304,6.7454
"2022-06-28 00:00:00","HQ DC : HQ DC - sellgoodr",83,5.0893,6.5858
"2022-06-28 00:00:00","HQ DC : HQ DC - goodr.com",2415,5.7553,5.8676
"2022-06-29 00:00:00","HQ DC : HQ DC - goodr.com",2257,6.1046,5.6170
"2022-06-29 00:00:00","HQ DC : HQ DC - sellgoodr",84,4.6537,7.0847
"2022-06-30 00:00:00","HQ DC : HQ DC - sellgoodr",55,5.2560,6.8386
"2022-06-30 00:00:00","HQ DC : HQ DC - goodr.com",2202,5.4152,5.6146
"2022-07-01 00:00:00","HQ DC : HQ DC - goodr.com",2639,4.6265,5.6671
"2022-07-01 00:00:00","HQ DC : HQ DC - sellgoodr",57,4.2777,6.4743
"2022-07-02 00:00:00","HQ DC : HQ DC - goodr.com",2615,4.3377,5.7721
"2022-07-02 00:00:00","HQ DC : HQ DC - sellgoodr",30,3.4291,6.5582
"2022-07-03 00:00:00","HQ DC : HQ DC - goodr.com",3499,3.9317,6.6835
"2022-07-03 00:00:00","HQ DC : HQ DC - sellgoodr",33,3.0668,6.4583
"2022-07-04 00:00:00","HQ DC : HQ DC - goodr.com",3571,3.5649,6.6439
"2022-07-04 00:00:00","HQ DC : HQ DC - sellgoodr",21,3.5396,5.8769
"2022-07-05 00:00:00","HQ DC : HQ DC - goodr.com",3053,3.6649,6.9065
"2022-07-05 00:00:00","HQ DC : HQ DC - sellgoodr",64,3.1933,6.0299
"2022-07-06 00:00:00","HQ DC : HQ DC - goodr.com",2519,4.5789,6.4270
"2022-07-06 00:00:00","HQ DC : HQ DC - sellgoodr",157,3.8290,5.6135
"2022-07-07 00:00:00","HQ DC : HQ DC - goodr.com",2328,4.2832,5.9748
"2022-07-07 00:00:00","HQ DC : HQ DC - sellgoodr",68,3.7787,6.0845
"2022-07-08 00:00:00","HQ DC : HQ DC - sellgoodr",62,3.5201,5.7949
"2022-07-08 00:00:00","HQ DC : HQ DC - goodr.com",2423,4.2392,4.5441
"2022-07-09 00:00:00","HQ DC : HQ DC - goodr.com",2899,3.3161,4.4957
"2022-07-09 00:00:00","HQ DC : HQ DC - sellgoodr",30,2.4902,6.0013
"2022-07-10 00:00:00","HQ DC : HQ DC - goodr.com",2960,3.1717,4.7146
"2022-07-10 00:00:00","HQ DC : HQ DC - sellgoodr",28,2.2678,5.5297
"2022-07-11 00:00:00","HQ DC : HQ DC - sellgoodr",78,2.3968,6.3642
"2022-07-11 00:00:00","HQ DC : HQ DC - goodr.com",2764,2.3803,4.7450
"2022-07-12 00:00:00","HQ DC : HQ DC - goodr.com",3003,1.4925,4.5979
"2022-07-12 00:00:00","HQ DC : HQ DC - sellgoodr",56,3.0974,6.3310
"2022-07-13 00:00:00","HQ DC : HQ DC - goodr.com",2467,0.9386,4.7654
"2022-07-13 00:00:00","HQ DC : HQ DC - sellgoodr",68,1.9258,6.3639
"2022-07-14 00:00:00","HQ DC : HQ DC - sellgoodr",59,0.9646,6.0388
"2022-07-14 00:00:00","HQ DC : HQ DC - goodr.com",2189,0.6471,5.1074
"2022-07-15 00:00:00","HQ DC : HQ DC - sellgoodr",45,2.7055,4.7323
"2022-07-15 00:00:00","HQ DC : HQ DC - goodr.com",3224,1.9025,5.1419
"2022-07-16 00:00:00","HQ DC : HQ DC - goodr.com",2751,2.5044,4.2845
"2022-07-16 00:00:00","HQ DC : HQ DC - sellgoodr",30,2.6374,5.9208
"2022-07-17 00:00:00","HQ DC : HQ DC - goodr.com",2985,2.1901,4.4297
"2022-07-17 00:00:00","HQ DC : HQ DC - sellgoodr",20,1.7853,5.1583
"2022-07-18 00:00:00","HQ DC : HQ DC - goodr.com",3053,1.5499,4.5579
"2022-07-18 00:00:00","HQ DC : HQ DC - sellgoodr",159,1.1815,5.7591
"2022-07-19 00:00:00","HQ DC : HQ DC - goodr.com",3328,0.8926,4.7370
"2022-07-19 00:00:00","HQ DC : HQ DC - sellgoodr",87,2.3577,6.1441
"2022-07-20 00:00:00","HQ DC : HQ DC - sellgoodr",155,3.1569,6.0588
"2022-07-20 00:00:00","HQ DC : HQ DC - goodr.com",2910,0.8865,5.0028
"2022-07-21 00:00:00","HQ DC : HQ DC - sellgoodr",87,2.0919,6.1675
"2022-07-21 00:00:00","HQ DC : HQ DC - goodr.com",2338,0.8634,4.8461
"2022-07-22 00:00:00","HQ DC : HQ DC - goodr.com",2751,2.2819,4.6156
"2022-07-22 00:00:00","HQ DC : HQ DC - sellgoodr",60,3.1784,4.6992
"2022-07-23 00:00:00","HQ DC : HQ DC - sellgoodr",31,2.8292,5.1518
"2022-07-23 00:00:00","HQ DC : HQ DC - goodr.com",2859,2.5641,4.1787
"2022-07-24 00:00:00","HQ DC : HQ DC - goodr.com",3375,1.8855,4.6460
"2022-07-24 00:00:00","HQ DC : HQ DC - sellgoodr",26,2.1441,6.4166
"2022-07-25 00:00:00","HQ DC : HQ DC - goodr.com",3356,0.9717,4.5369
"2022-07-25 00:00:00","HQ DC : HQ DC - sellgoodr",84,1.4617,6.0798
"2022-07-26 00:00:00","HQ DC : HQ DC - goodr.com",1241,0.6170,4.7863
"2022-07-26 00:00:00","HQ DC : HQ DC - sellgoodr",26,2.6025,5.4198
"2022-07-27 00:00:00","HQ DC : HQ DC - goodr.com",1738,0.8570,4.7502
"2022-07-27 00:00:00","HQ DC : HQ DC - sellgoodr",46,1.4338,5.9927
"2022-07-28 00:00:00","HQ DC : HQ DC - goodr.com",1730,0.6173,6.4087
"2022-07-28 00:00:00","HQ DC : HQ DC - sellgoodr",41,0.9054,6.1828
"2022-07-29 00:00:00","HQ DC : HQ DC - goodr.com",2588,1.1185,5.6936
"2022-07-29 00:00:00","HQ DC : HQ DC - sellgoodr",139,1.1978,6.9526
"2022-07-30 00:00:00","HQ DC : HQ DC - goodr.com",2910,3.0207,4.3249
"2022-07-30 00:00:00","HQ DC : HQ DC - sellgoodr",42,2.7559,5.8571
"2022-07-31 00:00:00","HQ DC : HQ DC - sellgoodr",31,1.8091,5.4394
"2022-07-31 00:00:00","HQ DC : HQ DC - goodr.com",3241,2.1377,4.2608
"2022-08-01 00:00:00","HQ DC : HQ DC - goodr.com",2616,1.5094,4.3618
"2022-08-01 00:00:00","HQ DC : HQ DC - sellgoodr",62,2.3319,5.6195
"2022-08-02 00:00:00","HQ DC : HQ DC - goodr.com",2373,0.8494,4.6217
"2022-08-02 00:00:00","HQ DC : HQ DC - sellgoodr",84,1.5475,6.3581
"2022-08-03 00:00:00","HQ DC : HQ DC - sellgoodr",51,2.4517,5.9828
"2022-08-03 00:00:00","HQ DC : HQ DC - goodr.com",2549,0.7437,4.5014
"2022-08-04 00:00:00","HQ DC : HQ DC - sellgoodr",81,1.8513,5.5442
"2022-08-04 00:00:00","HQ DC : HQ DC - goodr.com",2237,0.6345,4.2524
"2022-08-05 00:00:00","HQ DC : HQ DC - sellgoodr",235,2.3205,6.0439
"2022-08-05 00:00:00","HQ DC : HQ DC - goodr.com",2741,1.4179,4.9655
"2022-08-06 00:00:00","HQ DC : HQ DC - goodr.com",2780,2.2637,3.8851
"2022-08-06 00:00:00","HQ DC : HQ DC - sellgoodr",45,2.3203,5.5240
"2022-08-07 00:00:00","HQ DC : HQ DC - goodr.com",3440,1.4004,4.4747
"2022-08-07 00:00:00","HQ DC : HQ DC - sellgoodr",29,1.8045,6.1307
"2022-08-08 00:00:00","HQ DC : HQ DC - goodr.com",2659,0.7965,5.0001
"2022-08-08 00:00:00","HQ DC : HQ DC - sellgoodr",78,1.3685,5.8557
"2022-08-09 00:00:00","HQ DC : HQ DC - goodr.com",2227,0.6709,5.6413
"2022-08-09 00:00:00","HQ DC : HQ DC - sellgoodr",72,0.5821,5.9646
"2022-08-10 00:00:00","HQ DC : HQ DC - goodr.com",2193,0.6583,4.4452
"2022-08-10 00:00:00","HQ DC : HQ DC - sellgoodr",80,0.5525,6.0171
"2022-08-11 00:00:00","HQ DC : HQ DC - goodr.com",2047,0.6238,5.2860
"2022-08-11 00:00:00","HQ DC : HQ DC - sellgoodr",69,0.8278,6.2058
"2022-08-12 00:00:00","HQ DC : HQ DC - goodr.com",2330,2.2886,4.8594
"2022-08-12 00:00:00","HQ DC : HQ DC - sellgoodr",54,1.8472,5.1990
"2022-08-13 00:00:00","HQ DC : HQ DC - goodr.com",2396,2.5697,4.3306
"2022-08-13 00:00:00","HQ DC : HQ DC - sellgoodr",23,2.2191,5.8948
"2022-08-14 00:00:00","HQ DC : HQ DC - sellgoodr",13,1.2018,5.3461
"2022-08-14 00:00:00","HQ DC : HQ DC - goodr.com",2702,1.6342,4.2121
"2022-08-15 00:00:00","HQ DC : HQ DC - goodr.com",2423,1.0130,4.4278
"2022-08-15 00:00:00","HQ DC : HQ DC - sellgoodr",51,0.5743,5.9313
"2022-08-16 00:00:00","HQ DC : HQ DC - sellgoodr",68,0.4901,5.7462
"2022-08-16 00:00:00","HQ DC : HQ DC - goodr.com",2398,0.5993,4.6670
"2022-08-17 00:00:00","HQ DC : HQ DC - goodr.com",1952,0.6216,4.1964
"2022-08-17 00:00:00","HQ DC : HQ DC - sellgoodr",48,0.8628,5.7265
"2022-08-18 00:00:00","HQ DC : HQ DC - goodr.com",1867,1.3692,4.2757
"2022-08-18 00:00:00","HQ DC : HQ DC - sellgoodr",60,1.1506,6.2444
"2022-08-19 00:00:00","HQ DC : HQ DC - sellgoodr",38,3.0251,5.4001
"2022-08-19 00:00:00","HQ DC : HQ DC - goodr.com",2786,3.5829,4.0949
"2022-08-20 00:00:00","HQ DC : HQ DC - goodr.com",2373,2.6942,4.1695
"2022-08-20 00:00:00","HQ DC : HQ DC - sellgoodr",25,2.1266,4.6516
"2022-08-21 00:00:00","HQ DC : HQ DC - goodr.com",2931,2.1017,4.8343
"2022-08-21 00:00:00","HQ DC : HQ DC - sellgoodr",20,1.2353,5.7707
"2022-08-22 00:00:00","HQ DC : HQ DC - sellgoodr",89,0.6436,5.8487
"2022-08-22 00:00:00","HQ DC : HQ DC - goodr.com",2356,1.3269,4.9031
"2022-08-23 00:00:00","HQ DC : HQ DC - sellgoodr",52,2.0969,6.1762
"2022-08-23 00:00:00","HQ DC : HQ DC - goodr.com",2061,1.1568,5.0766
"2022-08-24 00:00:00","HQ DC : HQ DC - goodr.com",1852,1.6887,5.1284
"2022-08-24 00:00:00","HQ DC : HQ DC - sellgoodr",144,1.4030,6.3622
"2022-08-25 00:00:00","HQ DC : HQ DC - sellgoodr",48,0.3628,6.7664
"2022-08-25 00:00:00","HQ DC : HQ DC - goodr.com",1994,1.9476,4.7431
"2022-08-26 00:00:00","HQ DC : HQ DC - sellgoodr",48,2.4800,4.9001
"2022-08-26 00:00:00","HQ DC : HQ DC - goodr.com",1969,3.3324,3.8103
"2022-08-27 00:00:00","HQ DC : HQ DC - goodr.com",2332,2.4020,3.8106
"2022-08-27 00:00:00","HQ DC : HQ DC - sellgoodr",24,1.7187,4.0642
"2022-08-28 00:00:00","HQ DC : HQ DC - goodr.com",2615,1.8090,4.4020
"2022-08-28 00:00:00","HQ DC : HQ DC - sellgoodr",13,0.7531,4.9583
"2022-08-29 00:00:00","HQ DC : HQ DC - goodr.com",2181,1.1873,4.4282
"2022-08-29 00:00:00","HQ DC : HQ DC - sellgoodr",48,0.5364,7.1353
"2022-08-30 00:00:00","HQ DC : HQ DC - goodr.com",2142,1.0211,4.7653
"2022-08-30 00:00:00","HQ DC : HQ DC - sellgoodr",36,0.5196,5.9907
"2022-08-31 00:00:00","HQ DC : HQ DC - sellgoodr",43,0.5203,6.4854
"2022-08-31 00:00:00","HQ DC : HQ DC - goodr.com",1879,0.6431,5.0782
"2022-09-01 00:00:00","HQ DC : HQ DC - goodr.com",1983,1.0325,5.0161
"2022-09-01 00:00:00","HQ DC : HQ DC - sellgoodr",55,0.3196,7.5689
"2022-09-02 00:00:00","HQ DC : HQ DC - sellgoodr",32,3.4830,7.8489
"2022-09-02 00:00:00","HQ DC : HQ DC - goodr.com",3769,4.0093,3.8657
"2022-09-03 00:00:00","HQ DC : HQ DC - sellgoodr",17,2.7524,7.3970
"2022-09-03 00:00:00","HQ DC : HQ DC - goodr.com",2622,3.5399,4.1247
"2022-09-04 00:00:00","HQ DC : HQ DC - goodr.com",2286,2.6096,4.2080
"2022-09-04 00:00:00","HQ DC : HQ DC - sellgoodr",19,1.7411,6.1907
"2022-09-05 00:00:00","HQ DC : HQ DC - goodr.com",5707,2.4978,5.0537
"2022-09-05 00:00:00","HQ DC : HQ DC - sellgoodr",39,0.7136,5.0576
"2022-09-06 00:00:00","HQ DC : HQ DC - goodr.com",1878,2.2268,5.0906
"2022-09-06 00:00:00","HQ DC : HQ DC - sellgoodr",61,0.6242,5.3005
"2022-09-07 00:00:00","HQ DC : HQ DC - goodr.com",1470,1.5989,5.6543
"2022-09-07 00:00:00","HQ DC : HQ DC - sellgoodr",45,0.2324,5.9425
"2022-09-08 00:00:00","HQ DC : HQ DC - goodr.com",1419,2.7079,5.6278
"2022-09-08 00:00:00","HQ DC : HQ DC - sellgoodr",48,0.5859,6.3037
"2022-09-09 00:00:00","HQ DC : HQ DC - goodr.com",2645,2.9954,5.2241
"2022-09-09 00:00:00","HQ DC : HQ DC - sellgoodr",121,2.7021,6.0746
"2022-09-10 00:00:00","HQ DC : HQ DC - goodr.com",1763,2.6341,5.0267
"2022-09-10 00:00:00","HQ DC : HQ DC - sellgoodr",26,1.7018,6.5528
"2022-09-11 00:00:00","HQ DC : HQ DC - sellgoodr",11,0.6893,6.4355
"2022-09-11 00:00:00","HQ DC : HQ DC - goodr.com",1747,1.9089,4.8090
"2022-09-12 00:00:00","HQ DC : HQ DC - goodr.com",1750,1.5334,4.5305
"2022-09-12 00:00:00","HQ DC : HQ DC - sellgoodr",50,0.8208,6.5124
"2022-09-13 00:00:00","HQ DC : HQ DC - goodr.com",1480,1.7135,5.1498
"2022-09-13 00:00:00","HQ DC : HQ DC - sellgoodr",45,0.7092,6.3888
"2022-09-14 00:00:00","HQ DC : HQ DC - sellgoodr",28,1.3615,6.1949
"2022-09-14 00:00:00","HQ DC : HQ DC - goodr.com",1617,1.4312,5.2666
"2022-09-15 00:00:00","HQ DC : HQ DC - goodr.com",1378,3.4932,4.5597
"2022-09-15 00:00:00","HQ DC : HQ DC - sellgoodr",156,2.6343,6.2227
"2022-09-16 00:00:00","HQ DC : HQ DC - sellgoodr",34,3.4582,5.2646
"2022-09-16 00:00:00","HQ DC : HQ DC - goodr.com",1331,3.2865,3.9814
"2022-09-17 00:00:00","HQ DC : HQ DC - goodr.com",1656,2.3578,3.9618
"2022-09-17 00:00:00","HQ DC : HQ DC - sellgoodr",18,2.3680,6.2036
"2022-09-18 00:00:00","HQ DC : HQ DC - goodr.com",1876,1.3489,4.1155
"2022-09-18 00:00:00","HQ DC : HQ DC - sellgoodr",12,2.0902,6.7846
"2022-09-19 00:00:00","HQ DC : HQ DC - sellgoodr",51,1.7859,6.5669
"2022-09-19 00:00:00","HQ DC : HQ DC - goodr.com",1639,1.6162,4.7963
"2022-09-20 00:00:00","HQ DC : HQ DC - sellgoodr",33,1.2133,5.8560
"2022-09-20 00:00:00","HQ DC : HQ DC - goodr.com",1493,1.9714,5.7439
"2022-09-21 00:00:00","HQ DC : HQ DC - goodr.com",1272,1.1095,5.0962
"2022-09-21 00:00:00","HQ DC : HQ DC - sellgoodr",55,1.4219,5.4052
"2022-09-22 00:00:00","HQ DC : HQ DC - goodr.com",1116,3.2943,4.1205
"2022-09-22 00:00:00","HQ DC : HQ DC - sellgoodr",28,3.6443,6.0133
"2022-09-23 00:00:00","HQ DC : HQ DC - goodr.com",1379,3.6421,3.5100
"2022-09-23 00:00:00","HQ DC : HQ DC - sellgoodr",32,3.6223,6.0195
"2022-09-24 00:00:00","HQ DC : HQ DC - goodr.com",1492,2.4936,3.4863
"2022-09-24 00:00:00","HQ DC : HQ DC - sellgoodr",9,3.6712,6.5323
"2022-09-25 00:00:00","HQ DC : HQ DC - goodr.com",1707,2.0060,3.9346
"2022-09-25 00:00:00","HQ DC : HQ DC - sellgoodr",12,1.1249,6.0798
"2022-09-26 00:00:00","HQ DC : HQ DC - sellgoodr",29,2.1350,5.3390
"2022-09-26 00:00:00","HQ DC : HQ DC - goodr.com",1562,2.7011,4.3063
"2022-09-27 00:00:00","HQ DC : HQ DC - goodr.com",2125,2.3105,4.6311
"2022-09-27 00:00:00","HQ DC : HQ DC - sellgoodr",55,2.8416,5.5787
"2022-09-28 00:00:00","HQ DC : HQ DC - goodr.com",1580,1.7887,4.8329
"2022-09-28 00:00:00","HQ DC : HQ DC - sellgoodr",22,2.7480,5.8636
"2022-09-29 00:00:00","HQ DC : HQ DC - goodr.com",1072,1.4219,4.3725
"2022-09-29 00:00:00","HQ DC : HQ DC - sellgoodr",27,2.1064,5.7129
"2022-09-30 00:00:00","HQ DC : HQ DC - goodr.com",1347,3.7245,4.5582
"2022-09-30 00:00:00","HQ DC : HQ DC - sellgoodr",164,4.0705,6.2634
"2022-10-01 00:00:00","HQ DC : HQ DC - goodr.com",1336,3.1075,4.4165
"2022-10-01 00:00:00","HQ DC : HQ DC - sellgoodr",27,3.2916,6.4598
"2022-10-02 00:00:00","HQ DC : HQ DC - sellgoodr",12,2.3332,5.5902
"2022-10-02 00:00:00","HQ DC : HQ DC - goodr.com",1414,2.4272,4.6683
"2022-10-03 00:00:00","HQ DC : HQ DC - goodr.com",1498,1.9211,4.4772
"2022-10-03 00:00:00","HQ DC : HQ DC - sellgoodr",48,2.4287,6.1084
"2022-10-04 00:00:00","HQ DC : HQ DC - goodr.com",1337,1.5699,4.4468
"2022-10-04 00:00:00","HQ DC : HQ DC - sellgoodr",41,2.7326,5.7093
"2022-10-05 00:00:00","HQ DC : HQ DC - sellgoodr",32,2.7577,5.1601
"2022-10-05 00:00:00","HQ DC : HQ DC - goodr.com",1116,1.9536,5.6406
"2022-10-06 00:00:00","HQ DC : HQ DC - sellgoodr",29,1.7787,5.3979
"2022-10-06 00:00:00","HQ DC : HQ DC - goodr.com",1195,4.3419,3.9514
"2022-10-07 00:00:00","HQ DC : HQ DC - goodr.com",1760,3.3587,3.9520
"2022-10-07 00:00:00","HQ DC : HQ DC - sellgoodr",113,3.0021,4.2827
"2022-10-08 00:00:00","HQ DC : HQ DC - sellgoodr",20,1.8666,4.0687
"2022-10-08 00:00:00","HQ DC : HQ DC - goodr.com",1407,2.7490,4.1381
"2022-10-09 00:00:00","HQ DC : HQ DC - goodr.com",1484,2.2879,4.6945
"2022-10-09 00:00:00","HQ DC : HQ DC - sellgoodr",17,1.2573,3.9387
"2022-10-10 00:00:00","HQ DC : HQ DC - goodr.com",1554,1.6179,4.6903
"2022-10-10 00:00:00","HQ DC : HQ DC - sellgoodr",69,2.0500,5.8514
"2022-10-11 00:00:00","HQ DC : HQ DC - sellgoodr",46,1.3858,5.7834
"2022-10-11 00:00:00","HQ DC : HQ DC - goodr.com",2765,1.5854,5.8941
"2022-10-12 00:00:00","HQ DC : HQ DC - goodr.com",1584,1.7161,6.0794
"2022-10-12 00:00:00","HQ DC : HQ DC - sellgoodr",69,0.7946,5.7366
"2022-10-13 00:00:00","HQ DC : HQ DC - sellgoodr",54,0.1697,6.0570
"2022-10-13 00:00:00","HQ DC : HQ DC - goodr.com",1051,4.2559,4.4451
"2022-10-14 00:00:00","HQ DC : HQ DC - goodr.com",1369,4.3691,4.0331
"2022-10-14 00:00:00","HQ DC : HQ DC - sellgoodr",39,0.5139,5.3845
"2022-10-15 00:00:00","HQ DC : HQ DC - sellgoodr",26,1.7259,3.5512
"2022-10-15 00:00:00","HQ DC : HQ DC - goodr.com",1524,3.1952,3.8527
"2022-10-16 00:00:00","HQ DC : HQ DC - goodr.com",1739,2.4195,3.9236
"2022-10-16 00:00:00","HQ DC : HQ DC - sellgoodr",6,0.4860,2.6944
"2022-10-17 00:00:00","HQ DC : HQ DC - goodr.com",1263,2.3631,4.0223
"2022-10-17 00:00:00","HQ DC : HQ DC - sellgoodr",69,0.4214,4.4281
"2022-10-18 00:00:00","HQ DC : HQ DC - goodr.com",1330,1.8144,4.2583
"2022-10-18 00:00:00","HQ DC : HQ DC - sellgoodr",30,0.5291,5.0610
"2022-10-19 00:00:00","HQ DC : HQ DC - goodr.com",1056,1.4540,4.4526
"2022-10-19 00:00:00","HQ DC : HQ DC - sellgoodr",28,0.5609,5.6934
"2022-10-20 00:00:00","HQ DC : HQ DC - sellgoodr",76,0.8744,6.7302
"2022-10-20 00:00:00","HQ DC : HQ DC - goodr.com",947,1.5720,4.6047
"2022-10-21 00:00:00","HQ DC : HQ DC - sellgoodr",33,0.9987,6.7689
"2022-10-21 00:00:00","HQ DC : HQ DC - goodr.com",1464,2.5963,4.7231
"2022-10-22 00:00:00","HQ DC : HQ DC - goodr.com",1380,2.9887,4.4537
"2022-10-22 00:00:00","HQ DC : HQ DC - sellgoodr",20,1.7312,4.4083
"2022-10-23 00:00:00","HQ DC : HQ DC - goodr.com",1284,1.9232,4.5610
"2022-10-23 00:00:00","HQ DC : HQ DC - sellgoodr",12,0.6701,4.2812
"2022-10-24 00:00:00","HQ DC : HQ DC - sellgoodr",39,0.6794,4.6367
"2022-10-24 00:00:00","HQ DC : HQ DC - goodr.com",991,1.9295,3.9884
"2022-10-25 00:00:00","HQ DC : HQ DC - goodr.com",1084,1.6007,3.6553
"2022-10-25 00:00:00","HQ DC : HQ DC - sellgoodr",43,0.6114,5.6850
"2022-10-26 00:00:00","HQ DC : HQ DC - goodr.com",1031,1.2156,3.4353
"2022-10-26 00:00:00","HQ DC : HQ DC - sellgoodr",41,0.3099,5.6076
"2022-10-27 00:00:00","HQ DC : HQ DC - sellgoodr",36,0.0787,5.6342
"2022-10-27 00:00:00","HQ DC : HQ DC - goodr.com",1061,0.9881,3.1583
"2022-10-28 00:00:00","HQ DC : HQ DC - sellgoodr",77,0.8138,6.1119
"2022-10-28 00:00:00","HQ DC : HQ DC - goodr.com",830,1.6373,3.6742
"2022-10-29 00:00:00","HQ DC : HQ DC - sellgoodr",11,1.7802,4.1855
"2022-10-29 00:00:00","HQ DC : HQ DC - goodr.com",990,2.2410,3.3880
"2022-10-30 00:00:00","HQ DC : HQ DC - goodr.com",1164,1.1436,3.3254
"2022-10-30 00:00:00","HQ DC : HQ DC - sellgoodr",10,0.6749,3.9166
"2022-10-31 00:00:00","HQ DC : HQ DC - goodr.com",1861,0.9868,3.6382
"2022-10-31 00:00:00","HQ DC : HQ DC - sellgoodr",42,0.1884,5.3442
"2022-11-01 00:00:00","HQ DC : HQ DC - goodr.com",936,0.9481,3.4311
"2022-11-01 00:00:00","HQ DC : HQ DC - sellgoodr",26,0.1137,4.8829
"2022-11-02 00:00:00","HQ DC : HQ DC - sellgoodr",107,1.7098,4.9676
"2022-11-02 00:00:00","HQ DC : HQ DC - goodr.com",1010,0.9462,5.1045
"2022-11-03 00:00:00","HQ DC : HQ DC - goodr.com",905,0.9254,5.9966
"2022-11-03 00:00:00","HQ DC : HQ DC - sellgoodr",75,1.0194,4.8166
"2022-11-04 00:00:00","HQ DC : HQ DC - sellgoodr",32,2.6757,4.7017
"2022-11-04 00:00:00","HQ DC : HQ DC - goodr.com",1003,3.5393,3.7947
"2022-11-05 00:00:00","HQ DC : HQ DC - goodr.com",1047,2.7408,3.4209
"2022-11-05 00:00:00","HQ DC : HQ DC - sellgoodr",7,1.9285,4.0773
"2022-11-06 00:00:00","HQ DC : HQ DC - goodr.com",1420,1.7251,3.4950
"2022-11-06 00:00:00","HQ DC : HQ DC - sellgoodr",10,1.1874,5.0541
"2022-11-07 00:00:00","HQ DC : HQ DC - sellgoodr",29,0.6551,5.3749
"2022-11-07 00:00:00","HQ DC : HQ DC - goodr.com",1034,1.0911,3.7279
"2022-11-08 00:00:00","HQ DC : HQ DC - goodr.com",952,0.7319,3.6674
"2022-11-08 00:00:00","HQ DC : HQ DC - sellgoodr",75,0.4416,7.8471
"2022-11-09 00:00:00","HQ DC : HQ DC - goodr.com",872,0.8079,5.0015
"2022-11-09 00:00:00","HQ DC : HQ DC - sellgoodr",53,0.5683,5.4999
"2022-11-10 00:00:00","HQ DC : HQ DC - sellgoodr",28,0.8095,5.7172
"2022-11-10 00:00:00","HQ DC : HQ DC - goodr.com",1103,1.8629,6.4483
"2022-11-11 00:00:00","HQ DC : HQ DC - goodr.com",1067,3.2703,4.9549
"2022-11-11 00:00:00","HQ DC : HQ DC - sellgoodr",46,3.1929,6.3016
"2022-11-12 00:00:00","HQ DC : HQ DC - goodr.com",1147,2.2727,5.0656
"2022-11-12 00:00:00","HQ DC : HQ DC - sellgoodr",19,2.1271,6.5876
"2022-11-13 00:00:00","HQ DC : HQ DC - goodr.com",2133,1.3215,5.1173
"2022-11-13 00:00:00","HQ DC : HQ DC - sellgoodr",16,1.1874,5.3879
"2022-11-14 00:00:00","HQ DC : HQ DC - goodr.com",2546,1.5981,4.4203
"2022-11-14 00:00:00","HQ DC : HQ DC - sellgoodr",52,1.1129,6.7908
"2022-11-15 00:00:00","HQ DC : HQ DC - goodr.com",805,1.3727,4.6470
"2022-11-15 00:00:00","HQ DC : HQ DC - sellgoodr",52,0.9190,5.8445
"2022-11-16 00:00:00","HQ DC : HQ DC - sellgoodr",34,0.7181,7.1347
"2022-11-16 00:00:00","HQ DC : HQ DC - goodr.com",778,1.3447,5.7112
"2022-11-17 00:00:00","HQ DC : HQ DC - sellgoodr",34,1.9754,6.4350
"2022-11-17 00:00:00","HQ DC : HQ DC - goodr.com",787,3.2155,5.1672
"2022-11-18 00:00:00","HQ DC : HQ DC - goodr.com",1157,3.2625,4.9865
"2022-11-18 00:00:00","HQ DC : HQ DC - sellgoodr",19,2.9780,6.6161
"2022-11-19 00:00:00","HQ DC : HQ DC - goodr.com",1114,2.3007,4.8318
"2022-11-19 00:00:00","HQ DC : HQ DC - sellgoodr",13,1.9807,5.8877
"2022-11-20 00:00:00","HQ DC : HQ DC - goodr.com",1186,1.9887,6.1289
"2022-11-20 00:00:00","HQ DC : HQ DC - sellgoodr",7,1.0595,5.7737
"2022-11-21 00:00:00","HQ DC : HQ DC - sellgoodr",37,0.8231,6.4436
"2022-11-21 00:00:00","HQ DC : HQ DC - goodr.com",1089,1.5887,6.1160
"2022-11-22 00:00:00","HQ DC : HQ DC - sellgoodr",34,0.3198,6.6923
"2022-11-22 00:00:00","HQ DC : HQ DC - goodr.com",1018,0.8344,6.2300
"2022-11-23 00:00:00","HQ DC : HQ DC - goodr.com",2664,2.5909,5.1984
"2022-11-23 00:00:00","HQ DC : HQ DC - sellgoodr",25,4.9666,5.7099
"2022-11-24 00:00:00","HQ DC : HQ DC - sellgoodr",3,5.2083,10.0277
"2022-11-24 00:00:00","HQ DC : HQ DC - goodr.com",5185,1.6925,5.2846
"2022-11-25 00:00:00","HQ DC : HQ DC - goodr.com",10686,1.7425,5.2671
"2022-11-25 00:00:00","HQ DC : HQ DC - sellgoodr",23,4.6901,6.1485
"2022-11-26 00:00:00","HQ DC : HQ DC - goodr.com",5864,2.6787,5.1059
"2022-11-26 00:00:00","HQ DC : HQ DC - sellgoodr",23,2.9419,6.5307
"2022-11-27 00:00:00","HQ DC : HQ DC - sellgoodr",11,5.3673,8.1211
"2022-11-27 00:00:00","HQ DC : HQ DC - goodr.com",5854,3.3439,6.1491
"2022-11-28 00:00:00","HQ DC : HQ DC - goodr.com",12226,2.9599,6.6216
"2022-11-28 00:00:00","HQ DC : HQ DC - sellgoodr",40,5.2218,9.6447
"2022-11-29 00:00:00","HQ DC : HQ DC - goodr.com",1584,2.8255,6.7509
"2022-11-29 00:00:00","HQ DC : HQ DC - sellgoodr",43,3.5997,9.1385
"2022-11-30 00:00:00","HQ DC : HQ DC - sellgoodr",31,5.7378,6.7351
"2022-11-30 00:00:00","HQ DC : HQ DC - goodr.com",1179,4.4662,6.1586
"2022-12-01 00:00:00","HQ DC : HQ DC - sellgoodr",51,4.8063,6.2916
"2022-12-01 00:00:00","HQ DC : HQ DC - goodr.com",1318,6.0566,5.7380
"2022-12-02 00:00:00","HQ DC : HQ DC - goodr.com",1326,5.7390,5.6550
"2022-12-02 00:00:00","HQ DC : HQ DC - sellgoodr",40,3.8655,6.2614
"2022-12-03 00:00:00","HQ DC : HQ DC - goodr.com",1464,4.6675,5.6574
"2022-12-03 00:00:00","HQ DC : HQ DC - sellgoodr",23,2.8985,6.3061
"2022-12-04 00:00:00","HQ DC : HQ DC - sellgoodr",13,3.8813,7.6409
"2022-12-04 00:00:00","HQ DC : HQ DC - goodr.com",1827,5.2933,3.9406
"2022-12-05 00:00:00","HQ DC : HQ DC - goodr.com",1868,4.3747,4.8161
"2022-12-05 00:00:00","HQ DC : HQ DC - sellgoodr",45,2.8610,7.1832
"2022-12-06 00:00:00","HQ DC : HQ DC - sellgoodr",41,6.0009,6.0060
"2022-12-06 00:00:00","HQ DC : HQ DC - goodr.com",1986,3.7861,4.9896
"2022-12-06 00:00:00","Stord ATL : Stord ATL - goodr.com",2,3.8958,4.9583
"2022-12-07 00:00:00","HQ DC : HQ DC - goodr.com",1772,3.9602,4.7269
"2022-12-07 00:00:00","HQ DC : HQ DC - sellgoodr",35,5.3916,6.0142
"2022-12-08 00:00:00","HQ DC : HQ DC - goodr.com",1830,4.3164,4.2874
"2022-12-08 00:00:00","HQ DC : HQ DC - sellgoodr",34,4.3663,5.5820
"2022-12-09 00:00:00","HQ DC : HQ DC - sellgoodr",27,3.6342,5.0508
"2022-12-09 00:00:00","HQ DC : HQ DC - goodr.com",1935,3.3570,4.2573
"2022-12-10 00:00:00","HQ DC : HQ DC - goodr.com",2091,2.6642,4.2278
"2022-12-10 00:00:00","HQ DC : HQ DC - sellgoodr",6,1.9513,5.4999
"2022-12-11 00:00:00","HQ DC : HQ DC - sellgoodr",10,1.4249,4.8957
"2022-12-11 00:00:00","HQ DC : HQ DC - goodr.com",2366,2.0347,4.0269
"2022-12-12 00:00:00","HQ DC : HQ DC - sellgoodr",41,0.9105,6.0934
"2022-12-12 00:00:00","HQ DC : HQ DC - goodr.com",2840,1.4237,4.0387
"2022-12-13 00:00:00","HQ DC : HQ DC - goodr.com",2720,1.0683,4.5234
"2022-12-13 00:00:00","HQ DC : HQ DC - sellgoodr",31,0.7284,5.7513
"2022-12-14 00:00:00","HQ DC : HQ DC - sellgoodr",28,0.1383,5.3124
"2022-12-14 00:00:00","Stord ATL : Stord ATL - goodr.com",1,2.2083,3.5416
"2022-12-14 00:00:00","HQ DC : HQ DC - goodr.com",3291,0.9224,5.3450
"2022-12-15 00:00:00","HQ DC : HQ DC - sellgoodr",19,0.6600,8.3815
"2022-12-15 00:00:00","HQ DC : HQ DC - goodr.com",1825,3.5225,4.0499
"2022-12-15 00:00:00","Stord ATL : Stord ATL - goodr.com",1,1.5000,3.5000
"2022-12-16 00:00:00","HQ DC : HQ DC - sellgoodr",18,2.6967,4.9235
"2022-12-16 00:00:00","HQ DC : HQ DC - goodr.com",1573,3.2119,3.6440
"2022-12-17 00:00:00","HQ DC : HQ DC - goodr.com",1594,2.2051,3.6731
"2022-12-17 00:00:00","HQ DC : HQ DC - sellgoodr",12,1.6458,5.9513
"2022-12-18 00:00:00","HQ DC : HQ DC - goodr.com",1528,1.2233,3.5143
"2022-12-18 00:00:00","HQ DC : HQ DC - sellgoodr",7,0.5833,4.9880
"2022-12-19 00:00:00","Stord ATL : Stord ATL - sellgoodr",2,0.7916,2.6041
"2022-12-19 00:00:00","HQ DC : HQ DC - goodr.com",1304,1.0214,3.6149
"2022-12-19 00:00:00","HQ DC : HQ DC - sellgoodr",24,0.2604,6.8645
"2022-12-20 00:00:00","HQ DC : HQ DC - sellgoodr",29,0.2011,7.0588
"2022-12-20 00:00:00","HQ DC : HQ DC - goodr.com",824,0.6509,3.5586
"2022-12-20 00:00:00","Stord ATL : Stord ATL - sellgoodr",1,1.0000,4.7083
"2022-12-21 00:00:00","HQ DC : HQ DC - goodr.com",736,0.7774,4.5234
"2022-12-21 00:00:00","HQ DC : HQ DC - sellgoodr",16,0.7109,8.1744
"2022-12-22 00:00:00","HQ DC : HQ DC - sellgoodr",24,4.1701,4.4635
"2022-12-22 00:00:00","HQ DC : HQ DC - goodr.com",550,4.6564,3.2126
"2022-12-23 00:00:00","HQ DC : HQ DC - goodr.com",558,4.1392,3.0165
"2022-12-23 00:00:00","HQ DC : HQ DC - sellgoodr",16,3.7108,6.4661
"2022-12-24 00:00:00","HQ DC : HQ DC - goodr.com",509,3.1114,3.1062
"2022-12-24 00:00:00","HQ DC : HQ DC - sellgoodr",13,2.7339,6.2756
"2022-12-25 00:00:00","HQ DC : HQ DC - goodr.com",716,2.1389,3.2620
"2022-12-25 00:00:00","HQ DC : HQ DC - sellgoodr",1,1.7083,13.0833
"2022-12-26 00:00:00","HQ DC : HQ DC - sellgoodr",22,3.1798,8.3522
"2022-12-26 00:00:00","HQ DC : HQ DC - goodr.com",955,1.0929,3.2241
"2022-12-27 00:00:00","HQ DC : HQ DC - goodr.com",949,2.0840,3.2927
"2022-12-27 00:00:00","HQ DC : HQ DC - sellgoodr",36,2.8228,7.2592
"2022-12-28 00:00:00","HQ DC : HQ DC - sellgoodr",45,4.8805,6.3397
"2022-12-28 00:00:00","HQ DC : HQ DC - goodr.com",912,1.3463,3.2156
"2022-12-29 00:00:00","HQ DC : HQ DC - sellgoodr",43,4.9902,6.2625
"2022-12-29 00:00:00","HQ DC : HQ DC - goodr.com",1075,3.2317,5.1984
"2022-12-30 00:00:00","HQ DC : HQ DC - goodr.com",922,4.3472,4.2732
"2022-12-30 00:00:00","HQ DC : HQ DC - sellgoodr",36,4.6006,5.6538
"2022-12-31 00:00:00","HQ DC : HQ DC - goodr.com",775,3.3838,4.1700
"2022-12-31 00:00:00","HQ DC : HQ DC - sellgoodr",14,3.6547,6.5208
